{
    "lat": 51.5033,
    "lon": -0.0794,
    "timezone": "Europe/London",
    "timezone_offset": 0,
    "current": {
        "dt": 1678829219,
        "sunrise": 1678774663,
        "sunset": 1678816902,
        "temp": 4.98,
        "feels_like": 0.6,
        "pressure": 1011,
        "humidity": 82,
        "dew_point": 2.17,
        "uvi": 0,
        "clouds": 75,
        "visibility": 10000,
        "wind_speed": 6.69,
        "wind_deg": 300,
        "weather": [
            {
                "id": 803,
                "main": "Clouds",
                "description": "broken clouds",
                "icon": "04n"
            }
        ]
    },
    "minutely": [
        {
            "dt": 1678829220,
            "precipitation": 0
        },
        {
            "dt": 1678829280,
            "precipitation": 0
        },
        {
            "dt": 1678829340,
            "precipitation": 0
        },
        {
            "dt": 1678829400,
            "precipitation": 0
        },
        {
            "dt": 1678829460,
            "precipitation": 0
        },
        {
            "dt": 1678829520,
            "precipitation": 0
        },
        {
            "dt": 1678829580,
            "precipitation": 0
        },
        {
            "dt": 1678829640,
            "precipitation": 0
        },
        {
            "dt": 1678829700,
            "precipitation": 0
        },
        {
            "dt": 1678829760,
            "precipitation": 0
        },
        {
            "dt": 1678829820,
            "precipitation": 0
        },
        {
            "dt": 1678829880,
            "precipitation": 0
        },
        {
            "dt": 1678829940,
            "precipitation": 0
        },
        {
            "dt": 1678830000,
            "precipitation": 0
        },
        {
            "dt": 1678830060,
            "precipitation": 0
        },
        {
            "dt": 1678830120,
            "precipitation": 0
        },
        {
            "dt": 1678830180,
            "precipitation": 0
        },
        {
            "dt": 1678830240,
            "precipitation": 0
        },
        {
            "dt": 1678830300,
            "precipitation": 0
        },
        {
            "dt": 1678830360,
            "precipitation": 0
        },
        {
            "dt": 1678830420,
            "precipitation": 0
        },
        {
            "dt": 1678830480,
            "precipitation": 0
        },
        {
            "dt": 1678830540,
            "precipitation": 0
        },
        {
            "dt": 1678830600,
            "precipitation": 0
        },
        {
            "dt": 1678830660,
            "precipitation": 0
        },
        {
            "dt": 1678830720,
            "precipitation": 0
        },
        {
            "dt": 1678830780,
            "precipitation": 0
        },
        {
            "dt": 1678830840,
            "precipitation": 0
        },
        {
            "dt": 1678830900,
            "precipitation": 0
        },
        {
            "dt": 1678830960,
            "precipitation": 0
        },
        {
            "dt": 1678831020,
            "precipitation": 0
        },
        {
            "dt": 1678831080,
            "precipitation": 0
        },
        {
            "dt": 1678831140,
            "precipitation": 0
        },
        {
            "dt": 1678831200,
            "precipitation": 0
        },
        {
            "dt": 1678831260,
            "precipitation": 0
        },
        {
            "dt": 1678831320,
            "precipitation": 0
        },
        {
            "dt": 1678831380,
            "precipitation": 0
        },
        {
            "dt": 1678831440,
            "precipitation": 0
        },
        {
            "dt": 1678831500,
            "precipitation": 0
        },
        {
            "dt": 1678831560,
            "precipitation": 0
        },
        {
            "dt": 1678831620,
            "precipitation": 0
        },
        {
            "dt": 1678831680,
            "precipitation": 0
        },
        {
            "dt": 1678831740,
            "precipitation": 0
        },
        {
            "dt": 1678831800,
            "precipitation": 0
        },
        {
            "dt": 1678831860,
            "precipitation": 0
        },
        {
            "dt": 1678831920,
            "precipitation": 0
        },
        {
            "dt": 1678831980,
            "precipitation": 0
        },
        {
            "dt": 1678832040,
            "precipitation": 0
        },
        {
            "dt": 1678832100,
            "precipitation": 0
        },
        {
            "dt": 1678832160,
            "precipitation": 0
        },
        {
            "dt": 1678832220,
            "precipitation": 0
        },
        {
            "dt": 1678832280,
            "precipitation": 0
        },
        {
            "dt": 1678832340,
            "precipitation": 0
        },
        {
            "dt": 1678832400,
            "precipitation": 0
        },
        {
            "dt": 1678832460,
            "precipitation": 0
        },
        {
            "dt": 1678832520,
            "precipitation": 0
        },
        {
            "dt": 1678832580,
            "precipitation": 0
        },
        {
            "dt": 1678832640,
            "precipitation": 0
        },
        {
            "dt": 1678832700,
            "precipitation": 0
        },
        {
            "dt": 1678832760,
            "precipitation": 0
        },
        {
            "dt": 1678832820,
            "precipitation": 0
        }
    ],
    "hourly": [
        {
            "dt": 1678827600,
            "temp": 4.98,
            "feels_like": 1.03,
            "pressure": 1011,
            "humidity": 82,
            "dew_point": 2.17,
            "uvi": 0,
            "clouds": 75,
            "visibility": 10000,
            "wind_speed": 5.61,
            "wind_deg": 258,
            "wind_gust": 12.88,
            "weather": [
                {
                    "id": 803,
                    "main": "Clouds",
                    "description": "broken clouds",
                    "icon": "04n"
                }
            ],
            "pop": 0.4
        },
        {
            "dt": 1678831200,
            "temp": 5.01,
            "feels_like": 0.99,
            "pressure": 1011,
            "humidity": 81,
            "dew_point": 2.03,
            "uvi": 0,
            "clouds": 80,
            "visibility": 10000,
            "wind_speed": 5.81,
            "wind_deg": 284,
            "wind_gust": 10.41,
            "weather": [
                {
                    "id": 803,
                    "main": "Clouds",
                    "description": "broken clouds",
                    "icon": "04n"
                }
            ],
            "pop": 0.43
        },
        {
            "dt": 1678834800,
            "temp": 4.89,
            "feels_like": 1.78,
            "pressure": 1012,
            "humidity": 81,
            "dew_point": 1.91,
            "uvi": 0,
            "clouds": 85,
            "visibility": 10000,
            "wind_speed": 3.91,
            "wind_deg": 285,
            "wind_gust": 8.52,
            "weather": [
                {
                    "id": 804,
                    "main": "Clouds",
                    "description": "overcast clouds",
                    "icon": "04n"
                }
            ],
            "pop": 0.4
        },
        {
            "dt": 1678838400,
            "temp": 4.6,
            "feels_like": 1.79,
            "pressure": 1013,
            "humidity": 84,
            "dew_point": 2.13,
            "uvi": 0,
            "clouds": 86,
            "visibility": 10000,
            "wind_speed": 3.33,
            "wind_deg": 296,
            "wind_gust": 7.56,
            "weather": [
                {
                    "id": 804,
                    "main": "Clouds",
                    "description": "overcast clouds",
                    "icon": "04n"
                }
            ],
            "pop": 0.37
        },
        {
            "dt": 1678842000,
            "temp": 3.96,
            "feels_like": 1.44,
            "pressure": 1013,
            "humidity": 85,
            "dew_point": 1.67,
            "uvi": 0,
            "clouds": 33,
            "visibility": 10000,
            "wind_speed": 2.77,
            "wind_deg": 304,
            "wind_gust": 7.01,
            "weather": [
                {
                    "id": 802,
                    "main": "Clouds",
                    "description": "scattered clouds",
                    "icon": "03n"
                }
            ],
            "pop": 0
        },
        {
            "dt": 1678845600,
            "temp": 3.3,
            "feels_like": 1.15,
            "pressure": 1015,
            "humidity": 83,
            "dew_point": 0.64,
            "uvi": 0,
            "clouds": 61,
            "visibility": 10000,
            "wind_speed": 2.23,
            "wind_deg": 289,
            "wind_gust": 6.42,
            "weather": [
                {
                    "id": 803,
                    "main": "Clouds",
                    "description": "broken clouds",
                    "icon": "04n"
                }
            ],
            "pop": 0
        },
        {
            "dt": 1678849200,
            "temp": 2.98,
            "feels_like": 1.02,
            "pressure": 1015,
            "humidity": 83,
            "dew_point": 0.35,
            "uvi": 0,
            "clouds": 65,
            "visibility": 10000,
            "wind_speed": 2,
            "wind_deg": 294,
            "wind_gust": 6.18,
            "weather": [
                {
                    "id": 803,
                    "main": "Clouds",
                    "description": "broken clouds",
                    "icon": "04n"
                }
            ],
            "pop": 0
        },
        {
            "dt": 1678852800,
            "temp": 2.76,
            "feels_like": 0.96,
            "pressure": 1016,
            "humidity": 83,
            "dew_point": 0.14,
            "uvi": 0,
            "clouds": 74,
            "visibility": 10000,
            "wind_speed": 1.83,
            "wind_deg": 304,
            "wind_gust": 5.77,
            "weather": [
                {
                    "id": 803,
                    "main": "Clouds",
                    "description": "broken clouds",
                    "icon": "04n"
                }
            ],
            "pop": 0
        },
        {
            "dt": 1678856400,
            "temp": 2.4,
            "feels_like": 1.21,
            "pressure": 1016,
            "humidity": 84,
            "dew_point": -0.13,
            "uvi": 0,
            "clouds": 63,
            "visibility": 10000,
            "wind_speed": 1.35,
            "wind_deg": 299,
            "wind_gust": 3.68,
            "weather": [
                {
                    "id": 803,
                    "main": "Clouds",
                    "description": "broken clouds",
                    "icon": "04n"
                }
            ],
            "pop": 0
        },
        {
            "dt": 1678860000,
            "temp": 2.11,
            "feels_like": 2.11,
            "pressure": 1017,
            "humidity": 85,
            "dew_point": -0.31,
            "uvi": 0,
            "clouds": 55,
            "visibility": 10000,
            "wind_speed": 1.06,
            "wind_deg": 295,
            "wind_gust": 1.71,
            "weather": [
                {
                    "id": 803,
                    "main": "Clouds",
                    "description": "broken clouds",
                    "icon": "04n"
                }
            ],
            "pop": 0
        },
        {
            "dt": 1678863600,
            "temp": 2.32,
            "feels_like": 2.32,
            "pressure": 1017,
            "humidity": 83,
            "dew_point": -0.37,
            "uvi": 0.13,
            "clouds": 73,
            "visibility": 10000,
            "wind_speed": 1,
            "wind_deg": 271,
            "wind_gust": 1.84,
            "weather": [
                {
                    "id": 803,
                    "main": "Clouds",
                    "description": "broken clouds",
                    "icon": "04d"
                }
            ],
            "pop": 0
        },
        {
            "dt": 1678867200,
            "temp": 3.33,
            "feels_like": 3.33,
            "pressure": 1017,
            "humidity": 76,
            "dew_point": -0.63,
            "uvi": 0.44,
            "clouds": 79,
            "visibility": 10000,
            "wind_speed": 0.84,
            "wind_deg": 224,
            "wind_gust": 1.28,
            "weather": [
                {
                    "id": 803,
                    "main": "Clouds",
                    "description": "broken clouds",
                    "icon": "04d"
                }
            ],
            "pop": 0
        },
        {
            "dt": 1678870800,
            "temp": 4.38,
            "feels_like": 3.42,
            "pressure": 1018,
            "humidity": 69,
            "dew_point": -0.84,
            "uvi": 0.97,
            "clouds": 86,
            "visibility": 10000,
            "wind_speed": 1.37,
            "wind_deg": 210,
            "wind_gust": 1.95,
            "weather": [
                {
                    "id": 804,
                    "main": "Clouds",
                    "description": "overcast clouds",
                    "icon": "04d"
                }
            ],
            "pop": 0
        },
        {
            "dt": 1678874400,
            "temp": 5.7,
            "feels_like": 4.49,
            "pressure": 1018,
            "humidity": 61,
            "dew_point": -1.33,
            "uvi": 1.35,
            "clouds": 90,
            "visibility": 10000,
            "wind_speed": 1.71,
            "wind_deg": 193,
            "wind_gust": 2.41,
            "weather": [
                {
                    "id": 804,
                    "main": "Clouds",
                    "description": "overcast clouds",
                    "icon": "04d"
                }
            ],
            "pop": 0
        },
        {
            "dt": 1678878000,
            "temp": 6.7,
            "feels_like": 5.07,
            "pressure": 1018,
            "humidity": 54,
            "dew_point": -2.09,
            "uvi": 1.79,
            "clouds": 92,
            "visibility": 10000,
            "wind_speed": 2.31,
            "wind_deg": 197,
            "wind_gust": 3.28,
            "weather": [
                {
                    "id": 804,
                    "main": "Clouds",
                    "description": "overcast clouds",
                    "icon": "04d"
                }
            ],
            "pop": 0
        },
        {
            "dt": 1678881600,
            "temp": 7.5,
            "feels_like": 5.55,
            "pressure": 1017,
            "humidity": 48,
            "dew_point": -2.79,
            "uvi": 1.96,
            "clouds": 93,
            "visibility": 10000,
            "wind_speed": 2.94,
            "wind_deg": 189,
            "wind_gust": 3.87,
            "weather": [
                {
                    "id": 804,
                    "main": "Clouds",
                    "description": "overcast clouds",
                    "icon": "04d"
                }
            ],
            "pop": 0
        },
        {
            "dt": 1678885200,
            "temp": 7.67,
            "feels_like": 5.49,
            "pressure": 1017,
            "humidity": 47,
            "dew_point": -2.95,
            "uvi": 1.36,
            "clouds": 100,
            "visibility": 10000,
            "wind_speed": 3.36,
            "wind_deg": 196,
            "wind_gust": 4.38,
            "weather": [
                {
                    "id": 804,
                    "main": "Clouds",
                    "description": "overcast clouds",
                    "icon": "04d"
                }
            ],
            "pop": 0
        },
        {
            "dt": 1678888800,
            "temp": 7.7,
            "feels_like": 5.07,
            "pressure": 1017,
            "humidity": 49,
            "dew_point": -2.31,
            "uvi": 1.04,
            "clouds": 100,
            "visibility": 10000,
            "wind_speed": 4.22,
            "wind_deg": 198,
            "wind_gust": 5.4,
            "weather": [
                {
                    "id": 804,
                    "main": "Clouds",
                    "description": "overcast clouds",
                    "icon": "04d"
                }
            ],
            "pop": 0
        },
        {
            "dt": 1678892400,
            "temp": 7.37,
            "feels_like": 4.48,
            "pressure": 1016,
            "humidity": 54,
            "dew_point": -1.52,
            "uvi": 0.64,
            "clouds": 100,
            "visibility": 10000,
            "wind_speed": 4.6,
            "wind_deg": 201,
            "wind_gust": 5.91,
            "weather": [
                {
                    "id": 804,
                    "main": "Clouds",
                    "description": "overcast clouds",
                    "icon": "04d"
                }
            ],
            "pop": 0
        },
        {
            "dt": 1678896000,
            "temp": 7.04,
            "feels_like": 4.13,
            "pressure": 1016,
            "humidity": 60,
            "dew_point": -0.32,
            "uvi": 0.34,
            "clouds": 100,
            "visibility": 10000,
            "wind_speed": 4.47,
            "wind_deg": 196,
            "wind_gust": 6.25,
            "weather": [
                {
                    "id": 804,
                    "main": "Clouds",
                    "description": "overcast clouds",
                    "icon": "04d"
                }
            ],
            "pop": 0
        },
        {
            "dt": 1678899600,
            "temp": 6.81,
            "feels_like": 4.2,
            "pressure": 1016,
            "humidity": 68,
            "dew_point": 1.23,
            "uvi": 0.1,
            "clouds": 100,
            "visibility": 10000,
            "wind_speed": 3.78,
            "wind_deg": 190,
            "wind_gust": 6.99,
            "weather": [
                {
                    "id": 804,
                    "main": "Clouds",
                    "description": "overcast clouds",
                    "icon": "04d"
                }
            ],
            "pop": 0
        },
        {
            "dt": 1678903200,
            "temp": 6.44,
            "feels_like": 3.82,
            "pressure": 1015,
            "humidity": 77,
            "dew_point": 2.56,
            "uvi": 0,
            "clouds": 100,
            "visibility": 10000,
            "wind_speed": 3.65,
            "wind_deg": 180,
            "wind_gust": 8.24,
            "weather": [
                {
                    "id": 804,
                    "main": "Clouds",
                    "description": "overcast clouds",
                    "icon": "04d"
                }
            ],
            "pop": 0
        },
        {
            "dt": 1678906800,
            "temp": 6.32,
            "feels_like": 3.57,
            "pressure": 1015,
            "humidity": 84,
            "dew_point": 3.76,
            "uvi": 0,
            "clouds": 100,
            "visibility": 10000,
            "wind_speed": 3.83,
            "wind_deg": 174,
            "wind_gust": 9.01,
            "weather": [
                {
                    "id": 500,
                    "main": "Rain",
                    "description": "light rain",
                    "icon": "10n"
                }
            ],
            "pop": 0.5,
            "rain": {
                "1h": 0.23
            }
        },
        {
            "dt": 1678910400,
            "temp": 6.41,
            "feels_like": 3.41,
            "pressure": 1014,
            "humidity": 86,
            "dew_point": 4.07,
            "uvi": 0,
            "clouds": 100,
            "visibility": 10000,
            "wind_speed": 4.34,
            "wind_deg": 167,
            "wind_gust": 10.1,
            "weather": [
                {
                    "id": 500,
                    "main": "Rain",
                    "description": "light rain",
                    "icon": "10n"
                }
            ],
            "pop": 0.74,
            "rain": {
                "1h": 0.52
            }
        },
        {
            "dt": 1678914000,
            "temp": 6.43,
            "feels_like": 3.29,
            "pressure": 1014,
            "humidity": 87,
            "dew_point": 4.22,
            "uvi": 0,
            "clouds": 100,
            "visibility": 10000,
            "wind_speed": 4.65,
            "wind_deg": 168,
            "wind_gust": 11.62,
            "weather": [
                {
                    "id": 500,
                    "main": "Rain",
                    "description": "light rain",
                    "icon": "10n"
                }
            ],
            "pop": 0.91,
            "rain": {
                "1h": 0.5
            }
        },
        {
            "dt": 1678917600,
            "temp": 6.6,
            "feels_like": 3.34,
            "pressure": 1013,
            "humidity": 87,
            "dew_point": 4.54,
            "uvi": 0,
            "clouds": 100,
            "visibility": 10000,
            "wind_speed": 4.99,
            "wind_deg": 167,
            "wind_gust": 13.24,
            "weather": [
                {
                    "id": 500,
                    "main": "Rain",
                    "description": "light rain",
                    "icon": "10n"
                }
            ],
            "pop": 0.93,
            "rain": {
                "1h": 0.4
            }
        },
        {
            "dt": 1678921200,
            "temp": 6.96,
            "feels_like": 3.42,
            "pressure": 1012,
            "humidity": 87,
            "dew_point": 4.83,
            "uvi": 0,
            "clouds": 100,
            "visibility": 10000,
            "wind_speed": 5.89,
            "wind_deg": 172,
            "wind_gust": 14.67,
            "weather": [
                {
                    "id": 500,
                    "main": "Rain",
                    "description": "light rain",
                    "icon": "10n"
                }
            ],
            "pop": 1,
            "rain": {
                "1h": 0.3
            }
        },
        {
            "dt": 1678924800,
            "temp": 7.15,
            "feels_like": 3.7,
            "pressure": 1011,
            "humidity": 91,
            "dew_point": 5.59,
            "uvi": 0,
            "clouds": 100,
            "visibility": 10000,
            "wind_speed": 5.79,
            "wind_deg": 173,
            "wind_gust": 13.94,
            "weather": [
                {
                    "id": 500,
                    "main": "Rain",
                    "description": "light rain",
                    "icon": "10n"
                }
            ],
            "pop": 1,
            "rain": {
                "1h": 0.66
            }
        },
        {
            "dt": 1678928400,
            "temp": 7.71,
            "feels_like": 4.42,
            "pressure": 1011,
            "humidity": 93,
            "dew_point": 6.44,
            "uvi": 0,
            "clouds": 100,
            "visibility": 10000,
            "wind_speed": 5.77,
            "wind_deg": 179,
            "wind_gust": 13.82,
            "weather": [
                {
                    "id": 500,
                    "main": "Rain",
                    "description": "light rain",
                    "icon": "10n"
                }
            ],
            "pop": 0.99,
            "rain": {
                "1h": 0.81
            }
        },
        {
            "dt": 1678932000,
            "temp": 8.02,
            "feels_like": 4.88,
            "pressure": 1010,
            "humidity": 92,
            "dew_point": 6.62,
            "uvi": 0,
            "clouds": 100,
            "visibility": 10000,
            "wind_speed": 5.58,
            "wind_deg": 184,
            "wind_gust": 13.59,
            "weather": [
                {
                    "id": 500,
                    "main": "Rain",
                    "description": "light rain",
                    "icon": "10n"
                }
            ],
            "pop": 0.94,
            "rain": {
                "1h": 0.19
            }
        },
        {
            "dt": 1678935600,
            "temp": 8.26,
            "feels_like": 5.24,
            "pressure": 1009,
            "humidity": 92,
            "dew_point": 6.94,
            "uvi": 0,
            "clouds": 100,
            "visibility": 10000,
            "wind_speed": 5.44,
            "wind_deg": 192,
            "wind_gust": 13.16,
            "weather": [
                {
                    "id": 804,
                    "main": "Clouds",
                    "description": "overcast clouds",
                    "icon": "04n"
                }
            ],
            "pop": 0.86
        },
        {
            "dt": 1678939200,
            "temp": 8.37,
            "feels_like": 5.41,
            "pressure": 1009,
            "humidity": 94,
            "dew_point": 7.27,
            "uvi": 0,
            "clouds": 100,
            "visibility": 10000,
            "wind_speed": 5.36,
            "wind_deg": 195,
            "wind_gust": 12.65,
            "weather": [
                {
                    "id": 804,
                    "main": "Clouds",
                    "description": "overcast clouds",
                    "icon": "04n"
                }
            ],
            "pop": 0.78
        },
        {
            "dt": 1678942800,
            "temp": 8.53,
            "feels_like": 5.65,
            "pressure": 1008,
            "humidity": 91,
            "dew_point": 7.07,
            "uvi": 0,
            "clouds": 100,
            "visibility": 10000,
            "wind_speed": 5.25,
            "wind_deg": 198,
            "wind_gust": 12.32,
            "weather": [
                {
                    "id": 804,
                    "main": "Clouds",
                    "description": "overcast clouds",
                    "icon": "04n"
                }
            ],
            "pop": 0.74
        },
        {
            "dt": 1678946400,
            "temp": 8.51,
            "feels_like": 5.62,
            "pressure": 1008,
            "humidity": 91,
            "dew_point": 6.99,
            "uvi": 0,
            "clouds": 100,
            "visibility": 10000,
            "wind_speed": 5.27,
            "wind_deg": 198,
            "wind_gust": 12.14,
            "weather": [
                {
                    "id": 804,
                    "main": "Clouds",
                    "description": "overcast clouds",
                    "icon": "04n"
                }
            ],
            "pop": 0.74
        },
        {
            "dt": 1678950000,
            "temp": 8.55,
            "feels_like": 5.69,
            "pressure": 1008,
            "humidity": 91,
            "dew_point": 7.04,
            "uvi": 0.07,
            "clouds": 100,
            "visibility": 10000,
            "wind_speed": 5.22,
            "wind_deg": 195,
            "wind_gust": 11.76,
            "weather": [
                {
                    "id": 804,
                    "main": "Clouds",
                    "description": "overcast clouds",
                    "icon": "04d"
                }
            ],
            "pop": 0
        },
        {
            "dt": 1678953600,
            "temp": 8.77,
            "feels_like": 5.99,
            "pressure": 1008,
            "humidity": 90,
            "dew_point": 7.12,
            "uvi": 0.25,
            "clouds": 100,
            "visibility": 10000,
            "wind_speed": 5.15,
            "wind_deg": 191,
            "wind_gust": 12.33,
            "weather": [
                {
                    "id": 804,
                    "main": "Clouds",
                    "description": "overcast clouds",
                    "icon": "04d"
                }
            ],
            "pop": 0
        },
        {
            "dt": 1678957200,
            "temp": 9.09,
            "feels_like": 6.24,
            "pressure": 1008,
            "humidity": 88,
            "dew_point": 7.09,
            "uvi": 0.55,
            "clouds": 100,
            "visibility": 10000,
            "wind_speed": 5.55,
            "wind_deg": 192,
            "wind_gust": 13.18,
            "weather": [
                {
                    "id": 804,
                    "main": "Clouds",
                    "description": "overcast clouds",
                    "icon": "04d"
                }
            ],
            "pop": 0
        },
        {
            "dt": 1678960800,
            "temp": 9.96,
            "feels_like": 7.31,
            "pressure": 1007,
            "humidity": 83,
            "dew_point": 7.12,
            "uvi": 1.08,
            "clouds": 100,
            "visibility": 10000,
            "wind_speed": 5.65,
            "wind_deg": 198,
            "wind_gust": 13.62,
            "weather": [
                {
                    "id": 804,
                    "main": "Clouds",
                    "description": "overcast clouds",
                    "icon": "04d"
                }
            ],
            "pop": 0
        },
        {
            "dt": 1678964400,
            "temp": 11.59,
            "feels_like": 10.82,
            "pressure": 1007,
            "humidity": 77,
            "dew_point": 7.62,
            "uvi": 1.44,
            "clouds": 100,
            "visibility": 10000,
            "wind_speed": 5.74,
            "wind_deg": 199,
            "wind_gust": 13.12,
            "weather": [
                {
                    "id": 804,
                    "main": "Clouds",
                    "description": "overcast clouds",
                    "icon": "04d"
                }
            ],
            "pop": 0
        },
        {
            "dt": 1678968000,
            "temp": 12.66,
            "feels_like": 11.81,
            "pressure": 1006,
            "humidity": 70,
            "dew_point": 7.25,
            "uvi": 1.58,
            "clouds": 100,
            "visibility": 10000,
            "wind_speed": 5.92,
            "wind_deg": 199,
            "wind_gust": 12.62,
            "weather": [
                {
                    "id": 804,
                    "main": "Clouds",
                    "description": "overcast clouds",
                    "icon": "04d"
                }
            ],
            "pop": 0
        },
        {
            "dt": 1678971600,
            "temp": 12.84,
            "feels_like": 11.96,
            "pressure": 1006,
            "humidity": 68,
            "dew_point": 7.08,
            "uvi": 1.27,
            "clouds": 100,
            "visibility": 10000,
            "wind_speed": 6.07,
            "wind_deg": 199,
            "wind_gust": 12.82,
            "weather": [
                {
                    "id": 804,
                    "main": "Clouds",
                    "description": "overcast clouds",
                    "icon": "04d"
                }
            ],
            "pop": 0
        },
        {
            "dt": 1678975200,
            "temp": 12.87,
            "feels_like": 11.99,
            "pressure": 1006,
            "humidity": 68,
            "dew_point": 6.92,
            "uvi": 0.98,
            "clouds": 100,
            "visibility": 10000,
            "wind_speed": 5.95,
            "wind_deg": 193,
            "wind_gust": 12.46,
            "weather": [
                {
                    "id": 804,
                    "main": "Clouds",
                    "description": "overcast clouds",
                    "icon": "04d"
                }
            ],
            "pop": 0
        },
        {
            "dt": 1678978800,
            "temp": 13.19,
            "feels_like": 12.34,
            "pressure": 1006,
            "humidity": 68,
            "dew_point": 7.21,
            "uvi": 0.61,
            "clouds": 100,
            "visibility": 10000,
            "wind_speed": 5.56,
            "wind_deg": 195,
            "wind_gust": 12.09,
            "weather": [
                {
                    "id": 804,
                    "main": "Clouds",
                    "description": "overcast clouds",
                    "icon": "04d"
                }
            ],
            "pop": 0
        },
        {
            "dt": 1678982400,
            "temp": 13,
            "feels_like": 12.18,
            "pressure": 1005,
            "humidity": 70,
            "dew_point": 7.64,
            "uvi": 0.14,
            "clouds": 100,
            "visibility": 10000,
            "wind_speed": 5.4,
            "wind_deg": 196,
            "wind_gust": 12.25,
            "weather": [
                {
                    "id": 804,
                    "main": "Clouds",
                    "description": "overcast clouds",
                    "icon": "04d"
                }
            ],
            "pop": 0
        },
        {
            "dt": 1678986000,
            "temp": 12.43,
            "feels_like": 11.63,
            "pressure": 1005,
            "humidity": 73,
            "dew_point": 7.67,
            "uvi": 0.04,
            "clouds": 100,
            "visibility": 10000,
            "wind_speed": 5.18,
            "wind_deg": 196,
            "wind_gust": 12.48,
            "weather": [
                {
                    "id": 804,
                    "main": "Clouds",
                    "description": "overcast clouds",
                    "icon": "04d"
                }
            ],
            "pop": 0
        },
        {
            "dt": 1678989600,
            "temp": 12.1,
            "feels_like": 11.32,
            "pressure": 1005,
            "humidity": 75,
            "dew_point": 7.67,
            "uvi": 0,
            "clouds": 100,
            "visibility": 10000,
            "wind_speed": 5.23,
            "wind_deg": 197,
            "wind_gust": 12.7,
            "weather": [
                {
                    "id": 804,
                    "main": "Clouds",
                    "description": "overcast clouds",
                    "icon": "04d"
                }
            ],
            "pop": 0
        },
        {
            "dt": 1678993200,
            "temp": 11.8,
            "feels_like": 11.05,
            "pressure": 1005,
            "humidity": 77,
            "dew_point": 7.67,
            "uvi": 0,
            "clouds": 100,
            "visibility": 10000,
            "wind_speed": 4.44,
            "wind_deg": 193,
            "wind_gust": 12.92,
            "weather": [
                {
                    "id": 804,
                    "main": "Clouds",
                    "description": "overcast clouds",
                    "icon": "04n"
                }
            ],
            "pop": 0
        },
        {
            "dt": 1678996800,
            "temp": 11.71,
            "feels_like": 10.95,
            "pressure": 1005,
            "humidity": 77,
            "dew_point": 7.67,
            "uvi": 0,
            "clouds": 100,
            "visibility": 10000,
            "wind_speed": 4.78,
            "wind_deg": 197,
            "wind_gust": 13.64,
            "weather": [
                {
                    "id": 804,
                    "main": "Clouds",
                    "description": "overcast clouds",
                    "icon": "04n"
                }
            ],
            "pop": 0
        }
    ],
    "daily": [
        {
            "dt": 1678795200,
            "sunrise": 1678774663,
            "sunset": 1678816902,
            "moonrise": 1678757460,
            "moonset": 1678783980,
            "moon_phase": 0.73,
            "temp": {
                "day": 6.12,
                "min": 3.71,
                "max": 10.02,
                "night": 4.89,
                "eve": 6.06,
                "morn": 5.3
            },
            "feels_like": {
                "day": 3.69,
                "night": 1.78,
                "eve": 3.09,
                "morn": 0.54
            },
            "pressure": 1007,
            "humidity": 69,
            "dew_point": 0.83,
            "wind_speed": 8.26,
            "wind_deg": 293,
            "wind_gust": 15.04,
            "weather": [
                {
                    "id": 501,
                    "main": "Rain",
                    "description": "moderate rain",
                    "icon": "10d"
                }
            ],
            "clouds": 97,
            "pop": 1,
            "rain": 6.06,
            "uvi": 2.09
        },
        {
            "dt": 1678881600,
            "sunrise": 1678860926,
            "sunset": 1678903404,
            "moonrise": 1678848540,
            "moonset": 1678873020,
            "moon_phase": 0.75,
            "temp": {
                "day": 7.5,
                "min": 2.11,
                "max": 7.7,
                "night": 6.96,
                "eve": 6.44,
                "morn": 2.11
            },
            "feels_like": {
                "day": 5.55,
                "night": 3.42,
                "eve": 3.82,
                "morn": 2.11
            },
            "pressure": 1017,
            "humidity": 48,
            "dew_point": -2.79,
            "wind_speed": 5.89,
            "wind_deg": 172,
            "wind_gust": 14.67,
            "weather": [
                {
                    "id": 500,
                    "main": "Rain",
                    "description": "light rain",
                    "icon": "10d"
                }
            ],
            "clouds": 93,
            "pop": 1,
            "rain": 1.95,
            "uvi": 1.96
        },
        {
            "dt": 1678968000,
            "sunrise": 1678947189,
            "sunset": 1678989905,
            "moonrise": 1678938900,
            "moonset": 1678963140,
            "moon_phase": 0.8,
            "temp": {
                "day": 12.66,
                "min": 7.15,
                "max": 13.19,
                "night": 11.46,
                "eve": 12.1,
                "morn": 8.51
            },
            "feels_like": {
                "day": 11.81,
                "night": 10.75,
                "eve": 11.32,
                "morn": 5.62
            },
            "pressure": 1006,
            "humidity": 70,
            "dew_point": 7.25,
            "wind_speed": 6.07,
            "wind_deg": 199,
            "wind_gust": 14.13,
            "weather": [
                {
                    "id": 500,
                    "main": "Rain",
                    "description": "light rain",
                    "icon": "10d"
                }
            ],
            "clouds": 100,
            "pop": 1,
            "rain": 1.66,
            "uvi": 1.58
        },
        {
            "dt": 1679054400,
            "sunrise": 1679033452,
            "sunset": 1679076407,
            "moonrise": 1679028300,
            "moonset": 1679054400,
            "moon_phase": 0.84,
            "temp": {
                "day": 10.93,
                "min": 9.94,
                "max": 12.85,
                "night": 10.17,
                "eve": 11.33,
                "morn": 9.97
            },
            "feels_like": {
                "day": 10.43,
                "night": 9.49,
                "eve": 10.66,
                "morn": 8.92
            },
            "pressure": 1004,
            "humidity": 90,
            "dew_point": 9.33,
            "wind_speed": 5.7,
            "wind_deg": 196,
            "wind_gust": 13.39,
            "weather": [
                {
                    "id": 501,
                    "main": "Rain",
                    "description": "moderate rain",
                    "icon": "10d"
                }
            ],
            "clouds": 100,
            "pop": 1,
            "rain": 4.61,
            "uvi": 1.46
        },
        {
            "dt": 1679140800,
            "sunrise": 1679119715,
            "sunset": 1679162908,
            "moonrise": 1679116800,
            "moonset": 1679146200,
            "moon_phase": 0.88,
            "temp": {
                "day": 11.49,
                "min": 8.83,
                "max": 11.96,
                "night": 9.4,
                "eve": 9.47,
                "morn": 9.64
            },
            "feels_like": {
                "day": 10.73,
                "night": 7.7,
                "eve": 6.73,
                "morn": 6.4
            },
            "pressure": 1001,
            "humidity": 78,
            "dew_point": 7.75,
            "wind_speed": 7.61,
            "wind_deg": 183,
            "wind_gust": 14.88,
            "weather": [
                {
                    "id": 501,
                    "main": "Rain",
                    "description": "moderate rain",
                    "icon": "10d"
                }
            ],
            "clouds": 92,
            "pop": 1,
            "rain": 9.69,
            "uvi": 2.12
        },
        {
            "dt": 1679227200,
            "sunrise": 1679205977,
            "sunset": 1679249409,
            "moonrise": 1679204700,
            "moonset": 1679238180,
            "moon_phase": 0.91,
            "temp": {
                "day": 9.46,
                "min": 7.82,
                "max": 9.63,
                "night": 8.19,
                "eve": 8.91,
                "morn": 7.82
            },
            "feels_like": {
                "day": 7.55,
                "night": 8.19,
                "eve": 8.22,
                "morn": 6.1
            },
            "pressure": 1012,
            "humidity": 81,
            "dew_point": 6.14,
            "wind_speed": 3.72,
            "wind_deg": 264,
            "wind_gust": 7.85,
            "weather": [
                {
                    "id": 500,
                    "main": "Rain",
                    "description": "light rain",
                    "icon": "10d"
                }
            ],
            "clouds": 94,
            "pop": 0.8,
            "rain": 0.61,
            "uvi": 1.24
        },
        {
            "dt": 1679313600,
            "sunrise": 1679292239,
            "sunset": 1679335910,
            "moonrise": 1679292180,
            "moonset": 1679329980,
            "moon_phase": 0.95,
            "temp": {
                "day": 10.88,
                "min": 7.21,
                "max": 10.88,
                "night": 10.24,
                "eve": 10.53,
                "morn": 7.22
            },
            "feels_like": {
                "day": 10.01,
                "night": 9.67,
                "eve": 9.78,
                "morn": 5.32
            },
            "pressure": 1009,
            "humidity": 76,
            "dew_point": 6.61,
            "wind_speed": 5.27,
            "wind_deg": 182,
            "wind_gust": 12.76,
            "weather": [
                {
                    "id": 500,
                    "main": "Rain",
                    "description": "light rain",
                    "icon": "10d"
                }
            ],
            "clouds": 100,
            "pop": 0.54,
            "rain": 0.41,
            "uvi": 2
        },
        {
            "dt": 1679400000,
            "sunrise": 1679378501,
            "sunset": 1679422410,
            "moonrise": 1679379480,
            "moonset": 1679421720,
            "moon_phase": 0,
            "temp": {
                "day": 13.3,
                "min": 9.36,
                "max": 13.56,
                "night": 9.36,
                "eve": 11.08,
                "morn": 10.11
            },
            "feels_like": {
                "day": 12.59,
                "night": 6.9,
                "eve": 10.25,
                "morn": 9.68
            },
            "pressure": 1001,
            "humidity": 73,
            "dew_point": 8.43,
            "wind_speed": 5.52,
            "wind_deg": 206,
            "wind_gust": 12.58,
            "weather": [
                {
                    "id": 501,
                    "main": "Rain",
                    "description": "moderate rain",
                    "icon": "10d"
                }
            ],
            "clouds": 100,
            "pop": 0.97,
            "rain": 2.9,
            "uvi": 2
        }
    ]
}
